,prodId,Correlation,Total Ratings
0,3996,1.0,110
1,1258,0.9999999999999999,109
2,39,0.9999999999999999,104
