,prodId,Correlation,Total Ratings
0,60069,1.0,104
1,79132,0.9999999999999999,143
2,2329,0.8677218312746244,129
3,1270,0.7853077044030768,171
4,1682,0.7518820606756282,125
5,293,0.6726190476190476,133
